{"M-aupr": 0.59154903420117, "aupr_list": [0.59154903420117], "num_pos_list": [558.0], "m-aupr": 0.59154903420117, "roc_auc": 0.6091648360118704, "F-max": 0.11239669421487603, "acc_max": 0.471976401179941, "pre_max_max": 0.723404255319149, "rec_max": 0.06093189964157706, "thr_max": 0.56, "F1-score": 0.6310756972111554, "accuracy": 0.5851254480286738, "precision": 0.5681492109038737, "recall": 0.7096774193548387}