{"M-aupr": 0.6751336249307874, "aupr_list": [0.6751336249307874], "num_pos_list": [301.0], "m-aupr": 0.6751336249307874, "roc_auc": 0.7012505380735311, "F-max": 0.02622950819672131, "acc_max": 0.5058236272878536, "pre_max_max": 1.0, "rec_max": 0.013289036544850499, "thr_max": 0.87, "F1-score": 0.6666666666666666, "accuracy": 0.6378737541528239, "precision": 0.6175637393767706, "recall": 0.7242524916943521}